PaypalItemName,AccountCode,TaxType,TrackingName1,TrackingOption1,TrackingName2,TrackingOption2,InventoryItemCode
Membership application. Level: National membership,NatMemb,BAS Excluded,,,,,
Membership renewal. Level: National membership. Renewing until 01 Jan 2017,NatMemb,BAS Excluded,,,,,
Membership level change. New level: National membership (upgrade from state),NatMembUpg,BAS Excluded,,,,,
Membership application. Level: State Membership - TAS,StMmbTAS,BAS Excluded,,,,,
Membership renewal. Level: State Membership - NSW/ACT. Renewing until 01 Jan 2017,StMbNSWACT,BAS Excluded,,,,,
Membership application. Level: Technical Membership,MembTech,BAS Excluded,,,,,
Membership application. Level: State Membership - South Australia,StMmbSA,BAS Excluded,,,,,
Membership application. Level: State Membership - NSW/ACT,StMbNSWACT,BAS Excluded,,,,,
Membership renewal. Level: State Membership - South Australia. Renewing until 01 Jan 2017,StMmbSA,BAS Excluded,,,,,
Membership application. Level: State Membership - Victoria,StMmbVIC,BAS Excluded,,,,,
Membership renewal. Level: State Membership - Victoria. Renewing until 01 Jan 2017,StMmbVIC,BAS Excluded,,,,,
Membership renewal. Level: State Membership - Queensland. Renewing until 01 Jan 2017,StMmbQLD,BAS Excluded,,,,,
Membership application. Level: State Membership - Queensland,StMmbQLD,BAS Excluded,,,,,
Special Consideration Application,SpecConsIn,BAS Excluded,,,,,
Membership application. Level: Climbing Facility Membership,MembGym,BAS Excluded,,,,,
Membership renewal. Level: State Membership - TAS. Renewing until 01 Jan 2017,StMmbTAS,BAS Excluded,,,,,
Membership renewal. Level: Technical Membership. Renewing until 01 Jan 2017,MembTech,BAS Excluded,,,,,
"Registration for ""Oceania and National Lead and Speed Climbing Championships"" (17 Jun 2016 4:00 PM - 19 Jun 2016 4:00 PM, Sydne",CompIncome,BAS Excluded,Event,"""Oceania and National Lead and Speed Climbing Championships"" 17 Jun 2016 4:00 PM - 19 Jun 2016",,,
"Registration for ""Registration To International Events"" (31 Dec 2016, Overseas), 00 International License 2016",CompIncome,BAS Excluded,Event,"'International Events' (31 Dec 2016, Overseas), 00 International License 2016",,,
"Registration for ""Registration To International Events"" (31 Dec 2016, Overseas), 00 International License - Oceania Only",CompIncome,BAS Excluded,Event,"'International Events' (31 Dec 2016, Overseas), 00 International License 2016",,,
"Registration for ""New South Wales/Australian Capital Territory State Lead Titles"" (28 May 2016 - 29 May 2016, Villawood), Compe",CompIncome,BAS Excluded,Event,"'New South Wales/Australian Capital Territory State Lead Titles' (28 May 2016 - 29 May 2016, Villawo",,,
"Registration for ""Registration To International Events"" (31 Dec 2016, Overseas), 08-12th Boulder World Cup - Munich, Germany",CompIncome,BAS Excluded,Event,"'International Events' (31 Dec 2016, Overseas), 08-12th Boulder World Cup - Munich, Germany",,,
"Registration for ""Victorian State Lead Titles"" (14 May 2016, Hardrock Nunawading), Competition Registration",CompIncome,BAS Excluded,Event,"""Victorian State Lead Titles"" 14 May 2016",,,
"Registration for ""Victorian State Lead Titles"" (14 May 2016, Hardrock Nunawading), Competition Registration - Last minute",CompIncome,BAS Excluded,Event,"""Victorian State Lead Titles"" 14 May 2016",,,
"Registration for ""Victorian State Lead Titles"" (14 May 2016, Hardrock Nunawading), Competition Registration - Last minute Regis",CompIncome,BAS Excluded,Event,"""Victorian State Lead Titles"" 14 May 2016",,,
"Registration for ""Victorian State Lead Titles"" (14 May 2016, Hardrock Nunawading), Competition Registration Registration in Ope",CompIncome,BAS Excluded,Event,"""Victorian State Lead Titles"" 14 May 2016",,,
"Registration for ""South Australian Climbing Series Round 3 - Boulder"" (08 May 2016 9:00 AM - 5:00 PM (UTC+09:30), Adelaide's Bo",CompIncome,BAS Excluded,Event,"""South Australian Climbing Series Round 3 - Boulder"" 08 May 2016",,,
"Registration for ""Queensland State Lead Titles"" (07 May 2016 - 08 May 2016, The Rock Indoor Climbing Gym in Parkinson), Competi",CompIncome,BAS Excluded,Event,"""Queensland State Lead Titles"" (07 May 2016 - 08 May 2016",,,
"Registration for ""Australia Youth Team Tryouts"" (15 Apr 2016 8:00 AM - 16 Apr 2016 5:00 PM, Victoria - Bayside Rock & Hardrock",CompIncome,BAS Excluded,Event,"""Australia Youth Team Tryouts"" 15 Apr 2016",,,
"Registration for ""Registration To International Events"" (31 Dec 2016, Overseas), 08-26th Lead World Cup #5 - Arco, Italy",CompIncome,BAS Excluded,Event,"'International Events' (31 Dec 2016, Overseas), 08-26th Lead World Cup #5 - Arco, Italy",,,
"Registration for ""Registration To International Events"" (31 Dec 2016, Overseas), 08-19th Lead World Cup #4 - Imst, Austria",CompIncome,BAS Excluded,Event,"'International Events' (31 Dec 2016, Overseas), 08-19th Lead World Cup #4 - Imst, Austria",,,
"Registration for ""Registration To International Events"" (31 Dec 2016, Overseas), 07-22nd Lead World Cup #3 - Briancon, France",CompIncome,BAS Excluded,Event,"'International Events' (31 Dec 2016, Overseas), 07-22nd Lead World Cup #3 - Briancon, France",,,
"Registration for ""Registration To International Events"" (31 Dec 2016, Overseas), 07-15th Lead World Cup #2 - Villars, Switzerla",CompIncome,BAS Excluded,Event,"'International Events' (31 Dec 2016, Overseas), 07-15th Lead World Cup #2 - Villars, Switzerland",,,
"Registration for ""Registration To International Events"" (31 Dec 2016, Overseas), 07-10th Lead World Cup #1 - Chamonix, France",CompIncome,BAS Excluded,Event,"'International Events' (31 Dec 2016, Overseas), 07-10th Lead World Cup #1 - Chamonix, France",,,
"Registration for ""Registration To International Events"" (31 Dec 2016, Overseas), 09-14th World Championships - Paris, France",CompIncome,BAS Excluded,Event,"'Registration To International Events' (31 Dec 2016, Overseas), 09-14th World Championships - Paris,",,,
"Registration for ""South Australian Climbing Series Round 5 - Boulder"" (26 Jun 2016 9:00 AM - 5:00 PM, Adelaide's Bouldering Clu",CompIncome,BAS Excluded,Event,"â€œSouth Australian Climbing Series Round 5 - Boulder"" (26 Jun 2016 9:00 AM - 5:00 PM, Adelaide's Boul",,,
